{"0": {"real_jaigo_000-150": [[-2.761725425720215, 1.6770175695419312], [-3.5480473041534424, 3.6250410079956055], [-3.5491373538970947, 3.462283134460449], [-3.5508317947387695, 3.632467031478882], [-3.546107769012451, 3.602863073348999]], "sim_jaigo_real_light_real_pose": [[0.20423780381679535, 2.0213675498962402], [-3.541757583618164, 3.680854082107544], [-0.2257085144519806, 5.041325092315674], [-3.5463738441467285, 3.633816719055176], [-3.5446739196777344, 3.530829668045044]], "sim_jaigo_real_light_rand_pose": [[-2.732682466506958, 5.000636100769043], [-3.5442659854888916, 3.669006586074829], [-0.8978055715560913, 5.380665302276611], [-3.4992001056671143, 3.090944290161133], [-1.0316089391708374, 5.4151811599731445]], "sim_jaigo_rand_light_real_pose": [[-3.5658276081085205, 3.474273681640625], [-3.550490379333496, 3.6082706451416016], [-3.543505907058716, 3.6862542629241943], [-3.5517146587371826, 3.476569175720215], [-3.5437049865722656, 3.6816468238830566]], "sim_jaigo_rand_light_rand_pose": [[-0.3171745240688324, 5.049421787261963], [-3.542245864868164, 3.684884786605835], [-0.47899097204208374, 1.4909418821334839], [-1.0260566473007202, 5.411200523376465], [-3.541238307952881, 3.69439435005188]]}, "1": {"real_jaigo_000-150": [[9.882925033569336, 0.8625114560127258], [9.888124465942383, 0.8615807294845581], [7.845634937286377, -0.4164685904979706], [6.02708625793457, 2.1965527534484863], [9.50420093536377, 0.15366627275943756]], "sim_jaigo_real_light_real_pose": [[8.644037246704102, 3.4936976432800293], [9.889286994934082, 0.8564017415046692], [9.884414672851562, 0.868913471698761], [9.884736061096191, 0.8644472360610962], [9.897942543029785, 0.9447919130325317]], "sim_jaigo_real_light_rand_pose": [[9.888298034667969, 0.8554834127426147], [9.891839981079102, 0.8668088316917419], [9.897611618041992, 0.8907900452613831], [9.900250434875488, 0.8652551174163818], [7.847474098205566, -0.4163146913051605]], "sim_jaigo_rand_light_real_pose": [[7.846945762634277, -0.4142453372478485], [7.880949020385742, -0.4233083724975586], [8.454035758972168, 3.573791742324829], [7.844405651092529, -0.4238377511501312], [6.663124084472656, 3.3457436561584473]], "sim_jaigo_rand_light_rand_pose": [[9.924224853515625, 1.0464036464691162], [5.929450511932373, 1.8306832313537598], [9.880364418029785, 0.8554176688194275], [9.88861083984375, 0.8537635207176208], [9.89096450805664, 0.9007532596588135]]}, "2": {"real_jaigo_000-150": [[-2.6273353099823, 13.577021598815918], [-3.6847493648529053, 11.214486122131348], [-3.684262275695801, 11.230085372924805], [-3.6713461875915527, 11.211868286132812], [-0.8685240745544434, 9.853401184082031]], "sim_jaigo_real_light_real_pose": [[-3.6766505241394043, 11.185432434082031], [-3.0424349308013916, 13.258049964904785], [-3.66884183883667, 11.20884895324707], [0.0270841121673584, 12.783119201660156], [-3.665922164916992, 11.199002265930176]], "sim_jaigo_real_light_rand_pose": [[-3.6619930267333984, 11.188666343688965], [-3.6642725467681885, 11.197172164916992], [-3.6203253269195557, 11.061294555664062], [-3.6905250549316406, 11.210089683532715], [-2.7121903896331787, 13.518229484558105]], "sim_jaigo_rand_light_real_pose": [[-3.665170431137085, 11.196619987487793], [-0.13505426049232483, 13.080473899841309], [-0.6474907994270325, 13.575112342834473], [-3.6723506450653076, 11.180652618408203], [-3.6875271797180176, 11.241639137268066]], "sim_jaigo_rand_light_rand_pose": [[-3.6716532707214355, 11.191082000732422], [-2.6543383598327637, 13.552591323852539], [-2.641716957092285, 13.57939338684082], [-3.715534210205078, 11.307718276977539], [-3.6859495639801025, 11.216633796691895]]}, "3": {"real_jaigo_000-150": [[-7.214439868927002, 9.71993637084961], [-8.898870468139648, 10.299116134643555], [-7.477484703063965, 9.924847602844238], [-7.308780193328857, 9.809157371520996], [-6.678374767303467, 7.839354515075684]], "sim_jaigo_real_light_real_pose": [[-7.503724575042725, 9.951427459716797], [-7.523785591125488, 9.964201927185059], [-7.325591087341309, 9.82938003540039], [-6.731845855712891, 7.595571041107178], [-10.33019733428955, 6.983444690704346]], "sim_jaigo_real_light_rand_pose": [[-7.511133193969727, 9.947128295898438], [-8.216668128967285, 6.197861194610596], [-10.159797668457031, 6.83889627456665], [-7.321925640106201, 9.809892654418945], [-8.953192710876465, 10.417867660522461]], "sim_jaigo_rand_light_real_pose": [[-7.296050548553467, 9.794541358947754], [-8.905627250671387, 10.413357734680176], [-7.48577880859375, 9.928165435791016], [-7.509667873382568, 9.954544067382812], [-8.216201782226562, 6.205286502838135]], "sim_jaigo_rand_light_rand_pose": [[-7.502339839935303, 9.952083587646484], [-8.22481632232666, 6.204529762268066], [-10.370161056518555, 7.064430236816406], [-7.4751434326171875, 9.926956176757812], [-7.498351097106934, 9.951726913452148]]}}