{"0": {"real_jaigo_000-150": [[-5.300339698791504, 15.569647789001465], [-5.931652069091797, 15.266437530517578], [-6.998361110687256, 13.988629341125488], [-3.4944796562194824, 12.046860694885254], [-5.620563983917236, 15.585713386535645], [-5.747951030731201, 15.396585464477539], [-6.994071960449219, 14.022327423095703], [-3.611865520477295, 11.964421272277832], [-5.474135398864746, 15.511828422546387], [-3.552021026611328, 12.034314155578613], [-5.719972610473633, 15.4358491897583], [-6.494040489196777, 12.172684669494629], [-5.669147491455078, 15.435561180114746], [-5.434083461761475, 15.543073654174805], [-5.58597469329834, 15.46280574798584], [-5.527244567871094, 15.519841194152832], [-6.884469509124756, 14.213119506835938], [-5.611564636230469, 15.473999977111816], [-5.5349555015563965, 15.449033737182617], [-5.621006965637207, 15.504426956176758]], "sim_jaigo_real_light_real_pose": [[-6.975315570831299, 13.859481811523438], [-3.4486773014068604, 12.139993667602539], [-3.1455233097076416, 15.328357696533203], [-6.578329086303711, 12.323659896850586], [-5.77264404296875, 15.531915664672852], [-5.391129970550537, 11.534360885620117], [-5.821008205413818, 15.464670181274414], [-5.8703436851501465, 11.752270698547363], [-6.608753204345703, 14.762412071228027], [-3.499119997024536, 12.046527862548828], [-6.125891208648682, 15.270634651184082], [-6.16724157333374, 11.916731834411621], [-5.78655481338501, 15.4932222366333], [-5.994838237762451, 11.832073211669922], [-5.923489093780518, 15.44224739074707], [-2.6803243160247803, 13.76657772064209], [-7.05368185043335, 13.89068603515625], [-3.5556740760803223, 11.997995376586914], [-6.954477310180664, 14.045571327209473], [-4.798157215118408, 11.441336631774902]], "sim_jaigo_real_light_rand_pose": [[-5.692653179168701, 15.570600509643555], [-5.976110458374023, 11.79773998260498], [-7.026109218597412, 13.895100593566895], [-3.5282254219055176, 12.026458740234375], [-5.847859859466553, 15.490812301635742], [-6.0540618896484375, 11.858617782592773], [-6.990859508514404, 13.83559513092041], [-3.3429081439971924, 12.246416091918945], [-5.481427192687988, 15.668099403381348], [-6.103565216064453, 11.859414100646973], [-6.911458969116211, 14.13676643371582], [-3.5129594802856445, 12.050300598144531], [-5.696798801422119, 15.570840835571289], [-5.9281415939331055, 11.739001274108887], [-5.550490856170654, 15.632143020629883], [-6.538154602050781, 14.809669494628906], [-5.690149784088135, 15.56933307647705], [-5.943975925445557, 11.793185234069824], [-5.618001461029053, 15.608922004699707], [-6.203149318695068, 11.95212459564209]], "sim_jaigo_rand_light_real_pose": [[-5.835101127624512, 15.462390899658203], [-6.184477806091309, 11.933837890625], [-6.900658130645752, 13.994646072387695], [-4.762993335723877, 11.47177505493164], [-4.639837265014648, 11.54898738861084], [-6.846400737762451, 12.613771438598633], [-5.227298736572266, 11.512619972229004], [-3.526951313018799, 12.030637741088867], [-6.961581707000732, 14.008044242858887], [-3.627617120742798, 11.919800758361816], [-5.824695110321045, 15.477828979492188], [-6.279774188995361, 12.032033920288086], [-6.931637763977051, 13.74606990814209], [-3.518209218978882, 12.066118240356445], [-6.989681243896484, 13.876991271972656], [-3.3751585483551025, 12.2080659866333], [-6.946461200714111, 12.939047813415527], [-6.62442684173584, 12.30744743347168], [-6.919135093688965, 14.165626525878906], [-3.6579978466033936, 11.925922393798828]], "sim_jaigo_rand_light_rand_pose": [[-7.025861740112305, 13.78650188446045], [-3.5768890380859375, 11.989679336547852], [-6.939941883087158, 13.97655963897705], [-4.993533611297607, 11.456768035888672], [-6.236396312713623, 15.18052864074707], [-5.815017223358154, 11.693777084350586], [-6.9181437492370605, 14.097872734069824], [-3.4674572944641113, 12.08910846710205], [-5.853341102600098, 15.4805908203125], [-5.8745503425598145, 11.748014450073242], [-6.56312894821167, 14.750465393066406], [-5.775631427764893, 11.66624641418457], [-6.353600978851318, 15.036385536193848], [-5.961394309997559, 11.75916576385498], [-6.039146423339844, 15.358757972717285], [-5.859747409820557, 11.702458381652832], [-6.9392781257629395, 14.037986755371094], [-3.598423957824707, 11.978571891784668], [-7.0275092124938965, 13.590096473693848], [-3.5205447673797607, 12.064913749694824]]}, "1": {"real_jaigo_000-150": [[-5.27945613861084, 1.7499276399612427], [-4.90477991104126, 1.7950712442398071], [-5.267687797546387, 1.7673474550247192], [-5.442226886749268, 1.7387762069702148], [-5.195342063903809, 1.7948089838027954], [-3.239445686340332, -1.507917046546936], [-5.398863792419434, 1.7562552690505981], [-5.381772518157959, 1.7403243780136108], [-5.31768274307251, 1.7817331552505493], [-5.379841327667236, 1.735351800918579], [-5.3577728271484375, 1.7506740093231201], [-5.295489311218262, 1.7765930891036987], [-5.284974575042725, 1.774741291999817], [-4.8825201988220215, 1.7791494131088257], [-5.32413911819458, 1.7428617477416992], [-4.676229000091553, 1.7956026792526245], [-5.376414775848389, 1.7445249557495117], [-4.728439807891846, 1.7603517770767212], [-6.845744609832764, -1.0919228792190552], [-3.9310250282287598, 1.630612850189209]], "sim_jaigo_real_light_real_pose": [[-5.324313163757324, 1.7866301536560059], [-5.010745048522949, 1.77283775806427], [-5.16278076171875, 1.7674176692962646], [-5.447176933288574, 1.7690435647964478], [-5.372044563293457, 1.7796138525009155], [-5.427104473114014, 1.7463117837905884], [-5.287933826446533, 1.7937008142471313], [-4.781547546386719, 1.7344883680343628], [-5.355135917663574, 1.7732439041137695], [-4.739633083343506, 1.7693612575531006], [-5.430891513824463, 1.77080237865448], [-4.992916584014893, 1.770305871963501], [-5.211330890655518, 1.7616350650787354], [-5.4931840896606445, 1.7547359466552734], [-5.229216575622559, 1.7730928659439087], [-5.228113174438477, 1.7709215879440308], [-5.178510665893555, 1.767715334892273], [-5.555585861206055, 1.743208408355713], [-5.214919090270996, 1.7604409456253052], [-5.476858139038086, 1.7449370622634888]], "sim_jaigo_real_light_rand_pose": [[-5.426326274871826, 1.7849369049072266], [-4.258233070373535, 1.7350529432296753], [-5.183506488800049, 1.7937227487564087], [-5.56932258605957, 1.7000210285186768], [-5.38922643661499, 1.756575107574463], [-4.8998799324035645, 1.781158208847046], [-5.082254409790039, 1.7985056638717651], [-7.095316410064697, 0.591253399848938], [-5.3637847900390625, 1.7858660221099854], [-5.152322292327881, 1.7487518787384033], [-5.144920349121094, 1.752991795539856], [-5.513411521911621, 1.7741938829421997], [-5.269783020019531, 1.7468253374099731], [-5.048118591308594, 1.7814992666244507], [-5.387335777282715, 1.7425885200500488], [-4.887479782104492, 1.7428534030914307], [-5.317534446716309, 1.7473323345184326], [-4.998640537261963, 1.7849169969558716], [-5.129363059997559, 1.7799689769744873], [-4.782762050628662, 1.798494577407837]], "sim_jaigo_rand_light_real_pose": [[-5.220479965209961, 1.744271993637085], [-5.383037567138672, 1.784749150276184], [-5.230743885040283, 1.7773191928863525], [-5.279831886291504, 1.7569485902786255], [-7.175607681274414, -0.42829471826553345], [-5.278097629547119, 1.7608665227890015], [-5.235569000244141, 1.7438024282455444], [-3.2550175189971924, 1.1025240421295166], [-7.206105709075928, -0.2606150507926941], [-5.17745304107666, 1.7961682081222534], [-5.349550724029541, 1.734993577003479], [-5.431124210357666, 1.7743688821792603], [-5.376296520233154, 1.7910202741622925], [-5.179074764251709, 1.7492278814315796], [-5.329300403594971, 1.7765202522277832], [-5.4487385749816895, 1.7336819171905518], [-5.253705024719238, 1.7859543561935425], [-5.369887351989746, 1.7447253465652466], [-5.328935623168945, 1.7535263299942017], [-7.200062274932861, -0.3712739050388336]],